{
  "Enabled": true,
  "SortOder": -1,
  "Id": "AB3F82E5282B4C354282E7086C88F370A6F4D469F019FC0A4BC87DC34BE7D782",
  "Name": "RDM Melee GCD (Non-Enchanted)",
  "Description": "Riposte\nZwerchhau\nRedoublement\nMoulinet",
  "Kind": 1,
  "ActionEffectType": 3,
  "Direction": 1,
  "ChatText": "hello world",
  "SpellText": "Riposte|Zwerchhau|Redoublement|Moulinet|Engagement|Displacement|Corps-a-corps",
  "AmountMinValue": -1,
  "AmountMaxValue": 10000000,
  "AmountInPercentage": false,
  "FromPlayerName": "",
  "ToPlayerName": "",
  "StartAfter": 0.0,
  "StopAfter": 1.0,
  "Priority": 3,
  "AllowedChatTypes": [],
  "Devices": [
    {
      "Name": "Lovense Hush",
      "IsEnabled": false,
      "ShouldVibrate": true,
      "ShouldRotate": false,
      "ShouldLinear": false,
      "ShouldOscillate": false,
      "ShouldStop": false,
      "Device": {
        "Id": 0,
        "Name": "Lovense Hush",
        "CanVibrate": true,
        "VibrateMotors": 1,
        "CanRotate": false,
        "RotateMotors": -1,
        "CanLinear": false,
        "LinearMotors": -1,
        "CanOscillate": false,
        "OscillateMotors": -1,
        "CanBattery": true,
        "BatteryLevel": 1.0,
        "CanStop": true,
        "IsConnected": true,
        "UsableCommands": [
          0,
          3
        ],
        "CurrentVibrateIntensity": [
          0
        ],
        "CurrentRotateIntensity": [],
        "CurrentOscillateIntensity": [],
        "CurrentLinearIntensity": [],
        "VibrateDebouncer": {},
        "RotateDebouncer": {},
        "OscillateDebouncer": {},
        "LinearDebouncer": {}
      },
      "VibrateSelectedMotors": [
        true
      ],
      "VibrateMotorsThreshold": [
        10
      ],
      "VibrateMotorsPattern": [
        4
      ],
      "RotateSelectedMotors": [],
      "RotateMotorsThreshold": [],
      "RotateMotorsPattern": [],
      "LinearSelectedMotors": [],
      "LinearMotorsThreshold": [],
      "LinearMotorsPattern": [],
      "OscillateSelectedMotors": [],
      "OscillateMotorsThreshold": [],
      "OscillateMotorsPattern": []
    }
  ]
}