{
  "Enabled": true,
  "SortOder": -1,
  "Id": "AD879C9F85DA34FC7E43113CD9781FDD5BA2130EB87E2501B320602D9EC11854",
  "Name": "RDM GCD1 Single",
  "Description": "Jolt\nJolt II",
  "Kind": 1,
  "ActionEffectType": 3,
  "Direction": 1,
  "ChatText": "hello world",
  "SpellText": "Jolt|Jolt II|Veraero|Verthunder|III|Verfire|Verstone",
  "AmountMinValue": -1,
  "AmountMaxValue": 10000000,
  "AmountInPercentage": false,
  "FromPlayerName": "AKira",
  "ToPlayerName": "",
  "StartAfter": 0.0,
  "StopAfter": 1.0,
  "Priority": 3,
  "AllowedChatTypes": [],
  "Devices": [
    {
      "Name": "Lovense Hush",
      "IsEnabled": false,
      "ShouldVibrate": true,
      "ShouldRotate": false,
      "ShouldLinear": false,
      "ShouldOscillate": false,
      "ShouldStop": false,
      "Device": {
        "Id": 0,
        "Name": "Lovense Hush",
        "CanVibrate": true,
        "VibrateMotors": 1,
        "CanRotate": false,
        "RotateMotors": -1,
        "CanLinear": false,
        "LinearMotors": -1,
        "CanOscillate": false,
        "OscillateMotors": -1,
        "CanBattery": true,
        "BatteryLevel": 1.0,
        "CanStop": true,
        "IsConnected": true,
        "UsableCommands": [
          0,
          3
        ],
        "CurrentVibrateIntensity": [
          0
        ],
        "CurrentRotateIntensity": [],
        "CurrentOscillateIntensity": [],
        "CurrentLinearIntensity": [],
        "VibrateDebouncer": {},
        "RotateDebouncer": {},
        "OscillateDebouncer": {},
        "LinearDebouncer": {}
      },
      "VibrateSelectedMotors": [
        true
      ],
      "VibrateMotorsThreshold": [
        30
      ],
      "VibrateMotorsPattern": [
        0
      ],
      "RotateSelectedMotors": [],
      "RotateMotorsThreshold": [],
      "RotateMotorsPattern": [],
      "LinearSelectedMotors": [],
      "LinearMotorsThreshold": [],
      "LinearMotorsPattern": [],
      "OscillateSelectedMotors": [],
      "OscillateMotorsThreshold": [],
      "OscillateMotorsPattern": []
    }
  ]
}