{
  "Enabled": true,
  "SortOder": -1,
  "Id": "D3212ADB73C92117A3002678420EFB33AEB1C87920D00CB1695B75166EFC924A",
  "Name": "AST Single Heals",
  "Description": "Benefics\nCelestial Intersections",
  "Kind": 1,
  "ActionEffectType": 4,
  "Direction": 0,
  "ChatText": "hello world",
  "SpellText": "Benefic|Benefic II|Celestial Instrection|Aspected Benefic",
  "AmountMinValue": -1,
  "AmountMaxValue": 10000000,
  "AmountInPercentage": false,
  "FromPlayerName": "",
  "ToPlayerName": "",
  "StartAfter": 0.0,
  "StopAfter": 1.0,
  "Priority": 1,
  "AllowedChatTypes": [],
  "Devices": [
    {
      "Name": "Lovense Hush",
      "IsEnabled": false,
      "ShouldVibrate": true,
      "ShouldRotate": false,
      "ShouldLinear": false,
      "ShouldOscillate": false,
      "ShouldStop": false,
      "Device": {
        "Id": 0,
        "Name": "Lovense Hush",
        "CanVibrate": true,
        "VibrateMotors": 1,
        "CanRotate": false,
        "RotateMotors": -1,
        "CanLinear": false,
        "LinearMotors": -1,
        "CanOscillate": false,
        "OscillateMotors": -1,
        "CanBattery": true,
        "BatteryLevel": 1.0,
        "CanStop": true,
        "IsConnected": true,
        "UsableCommands": [
          3,
          0
        ],
        "CurrentVibrateIntensity": [
          0
        ],
        "CurrentRotateIntensity": [],
        "CurrentOscillateIntensity": [],
        "CurrentLinearIntensity": [],
        "VibrateDebouncer": {},
        "RotateDebouncer": {},
        "OscillateDebouncer": {},
        "LinearDebouncer": {}
      },
      "VibrateSelectedMotors": [
        true
      ],
      "VibrateMotorsThreshold": [
        5
      ],
      "VibrateMotorsPattern": [
        3
      ],
      "RotateSelectedMotors": [],
      "RotateMotorsThreshold": [],
      "RotateMotorsPattern": [],
      "LinearSelectedMotors": [],
      "LinearMotorsThreshold": [],
      "LinearMotorsPattern": [],
      "OscillateSelectedMotors": [],
      "OscillateMotorsThreshold": [],
      "OscillateMotorsPattern": []
    }
  ]
}