{
  "Enabled": true,
  "SortOder": -1,
  "Id": "4E6E368B37C2710D175A4628CBF5CB8180091B5A2A01ADF7BA94FF6E851ED49B",
  "Name": "AST Marcosmos",
  "Description": " Marcosmos",
  "Kind": 1,
  "ActionEffectType": 3,
  "Direction": 0,
  "ChatText": "hello world",
  "SpellText": "Macrocosmos",
  "AmountMinValue": -1,
  "AmountMaxValue": 10000000,
  "AmountInPercentage": false,
  "FromPlayerName": "",
  "ToPlayerName": "",
  "StartAfter": 0.0,
  "StopAfter": 7.0,
  "Priority": 1,
  "AllowedChatTypes": [],
  "Devices": [
    {
      "Name": "Lovense Hush",
      "IsEnabled": false,
      "ShouldVibrate": true,
      "ShouldRotate": false,
      "ShouldLinear": false,
      "ShouldOscillate": false,
      "ShouldStop": false,
      "Device": {
        "Id": 0,
        "Name": "Lovense Hush",
        "CanVibrate": true,
        "VibrateMotors": 1,
        "CanRotate": false,
        "RotateMotors": -1,
        "CanLinear": false,
        "LinearMotors": -1,
        "CanOscillate": false,
        "OscillateMotors": -1,
        "CanBattery": true,
        "BatteryLevel": 1.0,
        "CanStop": true,
        "IsConnected": true,
        "UsableCommands": [
          0,
          3
        ],
        "CurrentVibrateIntensity": [
          0
        ],
        "CurrentRotateIntensity": [],
        "CurrentOscillateIntensity": [],
        "CurrentLinearIntensity": [],
        "VibrateDebouncer": {},
        "RotateDebouncer": {},
        "OscillateDebouncer": {},
        "LinearDebouncer": {}
      },
      "VibrateSelectedMotors": [
        true
      ],
      "VibrateMotorsThreshold": [
        100
      ],
      "VibrateMotorsPattern": [
        0
      ],
      "RotateSelectedMotors": [],
      "RotateMotorsThreshold": [],
      "RotateMotorsPattern": [],
      "LinearSelectedMotors": [],
      "LinearMotorsThreshold": [],
      "LinearMotorsPattern": [],
      "OscillateSelectedMotors": [],
      "OscillateMotorsThreshold": [],
      "OscillateMotorsPattern": []
    }
  ]
}