{
  "Enabled": true,
  "SortOder": -1,
  "Id": "3E68F5145DF56F5B5D89DA8DFB841EF1EF24B5289CE7017E4E826678002D6408",
  "Name": "AST Play Cards",
  "Description": "I set this card in ATK position",
  "Kind": 1,
  "ActionEffectType": 0,
  "Direction": 0,
  "ChatText": "hello world",
  "SpellText": "The Balance|The Arrow|The Spear|The Bole|The Ewer|The Spire",
  "AmountMinValue": -1,
  "AmountMaxValue": 10000000,
  "AmountInPercentage": false,
  "FromPlayerName": "",
  "ToPlayerName": "",
  "StartAfter": 0.0,
  "StopAfter": 3.0,
  "Priority": 4,
  "AllowedChatTypes": [],
  "Devices": [
    {
      "Name": "Lovense Hush",
      "IsEnabled": false,
      "ShouldVibrate": true,
      "ShouldRotate": false,
      "ShouldLinear": false,
      "ShouldOscillate": false,
      "ShouldStop": false,
      "Device": {
        "Id": 0,
        "Name": "Lovense Hush",
        "CanVibrate": true,
        "VibrateMotors": 1,
        "CanRotate": false,
        "RotateMotors": -1,
        "CanLinear": false,
        "LinearMotors": -1,
        "CanOscillate": false,
        "OscillateMotors": -1,
        "CanBattery": true,
        "BatteryLevel": 1.0,
        "CanStop": true,
        "IsConnected": true,
        "UsableCommands": [
          3,
          0
        ],
        "CurrentVibrateIntensity": [
          0
        ],
        "CurrentRotateIntensity": [],
        "CurrentOscillateIntensity": [],
        "CurrentLinearIntensity": [],
        "VibrateDebouncer": {},
        "RotateDebouncer": {},
        "OscillateDebouncer": {},
        "LinearDebouncer": {}
      },
      "VibrateSelectedMotors": [
        true
      ],
      "VibrateMotorsThreshold": [
        70
      ],
      "VibrateMotorsPattern": [
        1
      ],
      "RotateSelectedMotors": [],
      "RotateMotorsThreshold": [],
      "RotateMotorsPattern": [],
      "LinearSelectedMotors": [],
      "LinearMotorsThreshold": [],
      "LinearMotorsPattern": [],
      "OscillateSelectedMotors": [],
      "OscillateMotorsThreshold": [],
      "OscillateMotorsPattern": []
    }
  ]
}