{
  "Enabled": false,
  "SortOder": -1,
  "Id": "FE3B0C67D25279AB65B32F08894B07ED9E5B070BC626E0159815590D1C08FDBC",
  "Name": "Tincture Trigger",
  "Description": "should work for all tinctures?",
  "Kind": 0,
  "ActionEffectType": 0,
  "Direction": 0,
  "ChatText": "uses a",
  "SpellText": "",
  "AmountMinValue": -1,
  "AmountMaxValue": 10000000,
  "AmountInPercentage": false,
  "FromPlayerName": "Akira Anelda",
  "ToPlayerName": "",
  "StartAfter": 0.0,
  "StopAfter": 3.0,
  "Priority": 1,
  "AllowedChatTypes": [
    10,
    14
  ],
  "Devices": [
    {
      "Name": "Lovense Hush",
      "IsEnabled": false,
      "ShouldVibrate": true,
      "ShouldRotate": false,
      "ShouldLinear": false,
      "ShouldOscillate": false,
      "ShouldStop": false,
      "Device": {
        "Id": 1,
        "Name": "Lovense Hush",
        "CanVibrate": true,
        "VibrateMotors": 1,
        "CanRotate": false,
        "RotateMotors": -1,
        "CanLinear": false,
        "LinearMotors": -1,
        "CanOscillate": false,
        "OscillateMotors": -1,
        "CanBattery": true,
        "BatteryLevel": 0.28,
        "CanStop": true,
        "IsConnected": true,
        "UsableCommands": [
          0
        ],
        "CurrentVibrateIntensity": [
          0
        ],
        "CurrentRotateIntensity": [],
        "CurrentOscillateIntensity": [],
        "CurrentLinearIntensity": [],
        "VibrateDebouncer": {},
        "RotateDebouncer": {},
        "OscillateDebouncer": {},
        "LinearDebouncer": {}
      },
      "VibrateSelectedMotors": [
        true
      ],
      "VibrateMotorsThreshold": [
        100
      ],
      "VibrateMotorsPattern": [
        0
      ],
      "RotateSelectedMotors": [],
      "RotateMotorsThreshold": [],
      "RotateMotorsPattern": [],
      "LinearSelectedMotors": [],
      "LinearMotorsThreshold": [],
      "LinearMotorsPattern": [],
      "OscillateSelectedMotors": [],
      "OscillateMotorsThreshold": [],
      "OscillateMotorsPattern": []
    }
  ]
}